{
  "Facebook": 1.896645599976182,
  "BA-2000": 0.46345350006595254,
  "WS-2000": 0.4826603000983596,
  "ER-2000": 0.48399269999936223,
  "Grid-45x45": 0.5885399000253528,
  "PLC-2000": 0.47845249995589256
}