{
  "Facebook": 1.9207805001642555,
  "BA-2000": 0.4716956000775099,
  "WS-2000": 0.493114200187847,
  "ER-2000": 0.48250949988141656,
  "Grid-45x45": 0.590177700156346,
  "PLC-2000": 0.4707435998134315
}